{"cameraMode":{"drawMode":0,"name":"Shaded","section":"Shading Mode"},"sceneLighting":true,"audioPlay":false,"sceneViewState":{"m_AlwaysRefresh":false,"showFog":true,"showSkybox":true,"showFlares":true,"showImageEffects":true,"showParticleSystems":true,"showVisualEffectGraphs":true,"m_FxEnabled":true},"in2DMode":false,"pivot":{"x":-7.055397987365723,"y":-3.53277850151062,"z":0.005633354187011719},"rotation":{"x":-0.0011903116246685386,"y":0.009311056695878506,"z":0.00001058634643413825,"w":0.9999586343765259},"size":12.328752517700196,"orthographic":false}