{"cameraMode":{"drawMode":0,"name":"Shaded","section":"Shading Mode"},"sceneLighting":true,"audioPlay":false,"sceneViewState":{"m_AlwaysRefresh":false,"showFog":true,"showSkybox":true,"showFlares":true,"showImageEffects":true,"showParticleSystems":true,"showVisualEffectGraphs":true,"m_FxEnabled":true},"in2DMode":false,"pivot":{"x":5.499943256378174,"y":0.8216874599456787,"z":-1.174256443977356},"rotation":{"x":-0.0011903116246685386,"y":0.009311056695878506,"z":0.00001058634643413825,"w":0.9999586343765259},"size":9.64863109588623,"orthographic":false}